{"origin": [-0.3989405791969849, 0.4195869314455407, 0.018107775071516896], "rotation": [-2.22, -2.22, 0], "posX": [-0.9999941917095629, -0.001867092216945541, 0.002851405581721872], "posY": [-0.0009624056404252884, -0.9999944394609799, -0.0031929332132413072], "posZ": [0.0028573625916315923, -0.0031956715866300065, 0.9999908115388513]}