{"origin": [0.2543691454824364, 0.5195226790116985, 0.014536333995360307], "rotation": [-3.141, 0, 0], "posX": [0.0005412695798407915, 0.9999793664791271, -0.0064010657898329595], "posY": [-0.9999998724536926, -2.833809935892963e-05, 0.0005042713066524294], "posZ": [0.0005040795904258428, 0.006400793076860011, 0.9999793876634427]}