{"origin": [0.2690250296265856, 0.5177596574238539, 0.012688240734032297], "rotation": [0.0, 0.0, 0.0], "posX": [-0.00424649664562508, 0.9989270873534295, 0.04611552252585272], "posY": [-0.9999997951548177, -0.0006074249954623562, -0.0002018048496702625], "posZ": [-0.0001735777535082519, -0.04611667395099951, 0.9989360451272448]}