{"origin": [0.43999910927150054, 0.019215517656542697, 0.36223066909257673], "rotation": [-2.871, 1.206, 0.055], "posX": [0.6972006371372279, 0.7163346480305576, -0.0278557643295025], "posY": [-0.7173081777595339, 0.6967553290910984, -0.0009947373784853458], "posZ": [0.018696096188637764, 0.020674708812298326, 0.9996114307083687]}